{"cameraMode":{"drawMode":0,"name":"Shaded","section":"Shading Mode"},"sceneLighting":true,"audioPlay":false,"sceneViewState":{"m_AlwaysRefresh":false,"showFog":true,"showSkybox":true,"showFlares":true,"showImageEffects":true,"showParticleSystems":true,"showVisualEffectGraphs":true,"m_FxEnabled":true},"in2DMode":false,"pivot":{"x":-1.8308873176574708,"y":1.4087307453155518,"z":-0.8375895619392395},"rotation":{"x":-0.22016659379005433,"y":-0.011404737830162049,"z":0.002577710198238492,"w":-0.9753966331481934},"size":9.550000190734864,"orthographic":false}